location_key,display_name,location_type,building,is_online,is_external,source_reference,notes
c001,C001,room,C,false,false,orar.usv.ro,"ID: 8, Capacitate: 42"
c002,C002,room,C,false,false,orar.usv.ro,"ID: 9, Capacitate: 42"
c004,C004,room,C,false,false,orar.usv.ro,"ID: 10, Capacitate: 21"
c005,C005,room,C,false,false,orar.usv.ro,"ID: 11, Capacitate: 21"
c007,C007,room,C,false,false,orar.usv.ro,"ID: 12, Capacitate: 0"
c101,C101,room,C,false,false,orar.usv.ro,"ID: 13, Capacitate: 30"
c102,C102,room,C,false,false,orar.usv.ro,"ID: 14, Capacitate: 29"
c103,C103,room,C,false,false,orar.usv.ro,"ID: 15, Capacitate: 30"
c104,C104,room,C,false,false,orar.usv.ro,"ID: 16, Capacitate: 21"
c105,C105,room,C,false,false,orar.usv.ro,"ID: 17, Capacitate: 21"
c107,C107,room,C,false,false,orar.usv.ro,"ID: 19, Capacitate: 21"
c108,C108,room,C,false,false,orar.usv.ro,"ID: 20, Capacitate: 0"
c109,C109,room,C,false,false,orar.usv.ro,"ID: 21, Capacitate: 19"
c201,C201,room,C,false,false,orar.usv.ro,"ID: 22, Capacitate: 28"
c202,C202,room,C,false,false,orar.usv.ro,"ID: 23, Capacitate: 28"
c203,C203,room,C,false,false,orar.usv.ro,"ID: 24, Capacitate: 28"
c204,C204,room,C,false,false,orar.usv.ro,"ID: 25, Capacitate: 21"
c205,C205,room,C,false,false,orar.usv.ro,"ID: 26, Capacitate: 0"
c206,C206,room,C,false,false,orar.usv.ro,"ID: 27, Capacitate: 0"
c207,C207,room,C,false,false,orar.usv.ro,"ID: 28, Capacitate: 21"
c208,C208,room,C,false,false,orar.usv.ro,"ID: 29, Capacitate: 0"
c209,C209,room,C,false,false,orar.usv.ro,"ID: 30, Capacitate: 19"
c301,C301,room,C,false,false,orar.usv.ro,"ID: 31, Capacitate: 28"
c302,C302,room,C,false,false,orar.usv.ro,"ID: 32, Capacitate: 28"
c303,C303,room,C,false,false,orar.usv.ro,"ID: 33, Capacitate: 28"
c304,C304,room,C,false,false,orar.usv.ro,"ID: 34, Capacitate: 21"
c305,C305,room,C,false,false,orar.usv.ro,"ID: 35, Capacitate: 21"
c307,C307,room,C,false,false,orar.usv.ro,"ID: 37, Capacitate: 0"
d001,D001,room,D,false,false,orar.usv.ro,"ID: 38, Capacitate: 0"
d002,D002,room,D,false,false,orar.usv.ro,"ID: 39, Capacitate: 0"
d003,D003,room,D,false,false,orar.usv.ro,"ID: 40, Capacitate: 0"
d004,D004,room,D,false,false,orar.usv.ro,"ID: 41, Capacitate: 0"
d005,D005,room,D,false,false,orar.usv.ro,"ID: 43, Capacitate: 0"
d006,D006,room,D,false,false,orar.usv.ro,"ID: 44, Capacitate: 18"
d007,D007,room,D,false,false,orar.usv.ro,"ID: 45, Capacitate: 14"
d008,D008,room,D,false,false,orar.usv.ro,"ID: 46, Capacitate: 14"
d009,D009,room,D,false,false,orar.usv.ro,"ID: 47, Capacitate: 14"
d011,D011,room,D,false,false,orar.usv.ro,"ID: 48, Capacitate: 21"
d101,D101,room,D,false,false,orar.usv.ro,"ID: 49, Capacitate: 36"
d103,D103,room,D,false,false,orar.usv.ro,"ID: 51, Capacitate: 0"
d104a,D104a,room,D,false,false,orar.usv.ro,"ID: 52, Capacitate: 0"
d105,D105,room,D,false,false,orar.usv.ro,"ID: 53, Capacitate: 0"
d106,D106,room,D,false,false,orar.usv.ro,"ID: 54, Capacitate: 14"
d107,D107,room,D,false,false,orar.usv.ro,"ID: 55, Capacitate: 14"
d108,D108,room,D,false,false,orar.usv.ro,"ID: 56, Capacitate: 0"
d109,D109,room,D,false,false,orar.usv.ro,"ID: 57, Capacitate: 0"
d111,D111,room,D,false,false,orar.usv.ro,"ID: 58, Capacitate: 0"
d205,D205,room,D,false,false,orar.usv.ro,"ID: 60, Capacitate: 14"
d207,D207,room,D,false,false,orar.usv.ro,"ID: 61, Capacitate: 0"
d_amf._dh,amf. Dragomir Hurmuzescu,room,D,false,false,orar.usv.ro,"ID: 63, Capacitate: 36"
d_amf._nb,amf. Nicolae Boţan,room,D,false,false,orar.usv.ro,"ID: 65, Capacitate: 36"
d_amf._rr,amf. Remus Radulet,room,D,false,false,orar.usv.ro,"ID: 66, Capacitate: 36"
a018,A018,room,A,false,false,orar.usv.ro,"ID: 70, Capacitate: 12"
a022,A022 Centru Resurse ET,room,A,false,false,orar.usv.ro,"ID: 71, Capacitate: 20"
c306,C306,room,C,false,false,orar.usv.ro,"ID: 72, Capacitate: 21"
fim2,Amf. Emanuel Diaconescu,room,B,false,false,orar.usv.ro,"ID: 73, Capacitate: 0"
b302,B302 Tehnica dentara-Protetica,room,B,false,false,orar.usv.ro,"ID: 74, Capacitate: 0"
ed004,ED004,room,E,false,false,orar.usv.ro,"ID: 81, Capacitate: 0"
e213,E213,room,E,false,false,orar.usv.ro,"ID: 82, Capacitate: 0"
e210,E210,room,E,false,false,orar.usv.ro,"ID: 83, Capacitate: 0"
e205,E205,room,E,false,false,orar.usv.ro,"ID: 84, Capacitate: 0"
e223,E223,room,E,false,false,orar.usv.ro,"ID: 85, Capacitate: 0"
b304,B304,room,B,false,false,orar.usv.ro,"ID: 90, Capacitate: 0"
b305_lab_fiz,B305 Laborator Fizica,laboratory,B,false,false,orar.usv.ro,"ID: 92, Capacitate: 0"
b307_sala_curs,B307 Sala Curs,room,B,false,false,orar.usv.ro,"ID: 93, Capacitate: 0"
b310_sala_curs,B310 Sala Curs,room,B,false,false,orar.usv.ro,"ID: 94, Capacitate: 0"
b312,FIM B312,room,B,false,false,orar.usv.ro,"ID: 95, Capacitate: 0"
b006_lab_mf,B006 Laborator Mec Fluide,laboratory,B,false,false,orar.usv.ro,"ID: 96, Capacitate: 0"
b008_lab_tmt,B008 Laborator Termotehnica,laboratory,B,false,false,orar.usv.ro,"ID: 97, Capacitate: 0"
b209_lab_mec,B209 Laborator Mecanica,laboratory,B,false,false,orar.usv.ro,"ID: 102, Capacitate: 0"
b213_lab_rm,B213 Laborator Rezistenta,laboratory,B,false,false,orar.usv.ro,"ID: 104, Capacitate: 0"
b202_lab_dt+gd,B202 Laborator Desen Tehnic,laboratory,B,false,false,orar.usv.ro,"ID: 106, Capacitate: 0"
b301,B301 Tehnica dentara-protetica,room,B,false,false,orar.usv.ro,"ID: 107, Capacitate: 0"
b303,B303 Laborator microbiologie,laboratory,B,false,false,orar.usv.ro,"ID: 108, Capacitate: 0"
b308_lab_smct,B308 Laborator Sisteme Mecatr,laboratory,B,false,false,orar.usv.ro,"ID: 110, Capacitate: 0"
b309_lab_pac+mn,B309 Laborator Proiectare Asis,laboratory,B,false,false,orar.usv.ro,"ID: 111, Capacitate: 0"
lab_tm,Laborator TM,laboratory,B,false,false,orar.usv.ro,"ID: 112, Capacitate: 0"
ed001,ED001,room,E,false,false,orar.usv.ro,"ID: 115, Capacitate: 0"
e209,E209,room,E,false,false,orar.usv.ro,"ID: 116, Capacitate: 0"
obs.2,Obs2 Lab. Testare Psihologică,laboratory,Obs.,false,false,orar.usv.ro,"ID: 117, Capacitate: 0"
g101,G101,room,G,false,false,orar.usv.ro,"ID: 118, Capacitate: 0"
b101,B101 Nutriție și Metabolism,room,B,false,false,orar.usv.ro,"ID: 120, Capacitate: 0"
b011_lab_dispteh,B011 Laborator Dispozitive ,laboratory,B,false,false,orar.usv.ro,"ID: 122, Capacitate: 0"
b012_lab_pdpr,B012 Laborator Prelucr def,laboratory,B,false,false,orar.usv.ro,"ID: 123, Capacitate: 0"
b013_lab_tehnfab,B013 Laborator Tehn de Fabr,laboratory,B,false,false,orar.usv.ro,"ID: 124, Capacitate: 0"
b014_lab_cfac,B014 Laborator Concep Fabr,laboratory,B,false,false,orar.usv.ro,"ID: 125, Capacitate: 0"
b203_lab_sim,B203 Laborator Stiinta IngMat ,laboratory,B,false,false,orar.usv.ro,"ID: 128, Capacitate: 0"
s._sport,Sala sport,room,Sala,false,false,orar.usv.ro,"ID: 129, Capacitate: 0"
c003,C003,room,C,false,false,orar.usv.ro,"ID: 130, Capacitate: 21"
obs.1,Obs. 1 - Sală mare,room,Obs.,false,false,orar.usv.ro,"ID: 132, Capacitate: 0"
b007_lab_mu,B007 Laborator Masini Unelte,laboratory,B,false,false,orar.usv.ro,"ID: 133, Capacitate: 0"
e_amf_e129,Amf E129,room,E,false,false,orar.usv.ro,"ID: 135, Capacitate: 0"
e230,E230 - sala curs - 90 locuri,room,E,false,false,orar.usv.ro,"ID: 136, Capacitate: 0"
a114,A114 (A53),room,A,false,false,orar.usv.ro,"ID: 137, Capacitate: 0"
a121,A121 - laborator,laboratory,A,false,false,orar.usv.ro,"ID: 140, Capacitate: 0"
e206,E206,room,E,false,false,orar.usv.ro,"ID: 141, Capacitate: 0"
sala_club,Sala Club,room,Camin,false,false,orar.usv.ro,"ID: 144, Capacitate: 0"
sala_areni,Sala Stadion Areni,room,A,false,false,orar.usv.ro,"ID: 147, Capacitate: 0"
e216,E216,room,E,false,false,orar.usv.ro,"ID: 150, Capacitate: 0"
t.s.,Teren  sintetic,sports,,false,false,orar.usv.ro,"ID: 151, Capacitate: 0"
e003,E003,room,E,false,false,orar.usv.ro,"ID: 153, Capacitate: 0"
a120,Lectoratul Francez,room,A,false,false,orar.usv.ro,"ID: 154, Capacitate: 20"
e219,E219,room,E,false,false,orar.usv.ro,"ID: 155, Capacitate: 0"
e005,E005,room,E,false,false,orar.usv.ro,"ID: 156, Capacitate: 31"
b201_lab_gac+ig,B201 Laborator Infografica,laboratory,B,false,false,orar.usv.ro,"ID: 158, Capacitate: 0"
a20,A20,room,A,false,false,orar.usv.ro,"ID: 159, Capacitate: 0"
k102,K102 Laborator fizioterapie,laboratory,K,false,false,orar.usv.ro,"ID: 160, Capacitate: 0"
d_amf._dl,amf. Dimitrie Leonida,room,D,false,false,orar.usv.ro,"ID: 162, Capacitate: 43"
a108,Laborator Limbi Moderne,laboratory,A,false,false,orar.usv.ro,"ID: 163, Capacitate: 20"
a111,Sala Eugeniu Coşeriu,room,A,false,false,orar.usv.ro,"ID: 164, Capacitate: 60"
a024,A024,room,A,false,false,orar.usv.ro,"ID: 165, Capacitate: 0"
a115,Amfiteatrul Eugen Lovinescu,auditorium,A,false,false,orar.usv.ro,"ID: 167, Capacitate: 110"
a119,Laborator Multimedia ProLang,laboratory,A,false,false,orar.usv.ro,"ID: 168, Capacitate: 20"
a122,Lectoratul Italian,room,A,false,false,orar.usv.ro,"ID: 169, Capacitate: 20"
a203,Lectoratul Spaniol,room,A,false,false,orar.usv.ro,"ID: 170, Capacitate: 0"
a206,Sala Studii Anglo-Americane,room,A,false,false,orar.usv.ro,"ID: 172, Capacitate: 40"
a302,Centrul de Reusita Universitar,room,A,false,false,orar.usv.ro,"ID: 173, Capacitate: 0"
lb2,Laborator Media,laboratory,,false,false,orar.usv.ro,"ID: 174, Capacitate: 20"
lb1,Sală An pregătitor,room,,false,false,orar.usv.ro,"ID: 176, Capacitate: 20"
a204,Lectoratul German,room,A,false,false,orar.usv.ro,"ID: 178, Capacitate: 0"
e120,E120,room,E,false,false,orar.usv.ro,"ID: 182, Capacitate: 0"
pb4,P.Bucovina 4,room,PB,false,false,orar.usv.ro,"ID: 184, Capacitate: 0"
pb11bis,P.Bucovina 11bis,room,PB,false,false,orar.usv.ro,"ID: 185, Capacitate: 0"
e220, E220,room,E,false,false,orar.usv.ro,"ID: 186, Capacitate: 0"
a038,A038,room,A,false,false,orar.usv.ro,"ID: 187, Capacitate: 0"
e201,E201,room,E,false,false,orar.usv.ro,"ID: 192, Capacitate: 0"
e123,E123,room,E,false,false,orar.usv.ro,"ID: 193, Capacitate: 10"
ed024,ED024,room,E,false,false,orar.usv.ro,"ID: 194, Capacitate: 0"
ed016,ED016,room,E,false,false,orar.usv.ro,"ID: 195, Capacitate: 0"
fim1,FIM1,room,B,false,false,orar.usv.ro,"ID: 196, Capacitate: 0"
e101,E101,room,E,false,false,orar.usv.ro,"ID: 197, Capacitate: 31"
ed011,ED011,room,E,false,false,orar.usv.ro,"ID: 200, Capacitate: 0"
e233,E233,room,E,false,false,orar.usv.ro,"ID: 201, Capacitate: 31"
ed028-30,ED028-30,room,E,false,false,orar.usv.ro,"ID: 203, Capacitate: 0"
e224,E 224,room,E,false,false,orar.usv.ro,"ID: 207, Capacitate: 0"
ca_dppd,Casa alba DPPD,laboratory,C.A.,false,false,orar.usv.ro,"ID: 209, Capacitate: 0"
e126,E126,room,E,false,false,orar.usv.ro,"ID: 213, Capacitate: 0"
sala_senat,Sala Senat,room,H,false,false,orar.usv.ro,"ID: 214, Capacitate: 0"
a128,Catedra de Franceza,room,A,false,false,orar.usv.ro,"ID: 215, Capacitate: 0"
a112,A112 - sala DSPP,room,A,false,false,orar.usv.ro,"ID: 216, Capacitate: 0"
e119,E119,room,E,false,false,orar.usv.ro,"ID: 218, Capacitate: 0"
ed015,ED015,room,E,false,false,orar.usv.ro,"ID: 222, Capacitate: 0"
lb3,Sala curs LB3,laboratory,,false,false,orar.usv.ro,"ID: 224, Capacitate: 0"
a033,A033,room,A,false,false,orar.usv.ro,"ID: 225, Capacitate: 16"
d110,D110,room,D,false,false,orar.usv.ro,"ID: 227, Capacitate: 0"
e118,E118,room,E,false,false,orar.usv.ro,"ID: 230, Capacitate: 0"
b004_lab_ch,B004 Laborator Chimie,laboratory,B,false,false,orar.usv.ro,"ID: 233, Capacitate: 0"
k210,K210,room,K,false,false,orar.usv.ro,"ID: 234, Capacitate: 0"
a113,A113(A52),room,A,false,false,orar.usv.ro,"ID: 235, Capacitate: 0"
k107,K 107 - Laborator BFKT,laboratory,K,false,false,orar.usv.ro,"ID: 238, Capacitate: 0"
bazin,Bazin de înot,room,K,false,false,orar.usv.ro,"ID: 239, Capacitate: 0"
stadion,Stadion Areni,room,Stadion,false,false,orar.usv.ro,"ID: 240, Capacitate: 0"
a039,Laborator de Etnografie,laboratory,A,false,false,orar.usv.ro,"ID: 242, Capacitate: 36"
a205,Lectoratul Ucrainean,room,A,false,false,orar.usv.ro,"ID: 246, Capacitate: 10"
a127,Birou Comunicare,room,A,false,false,orar.usv.ro,"ID: 249, Capacitate: 0"
a125,Catedra de Română,room,A,false,false,orar.usv.ro,"ID: 250, Capacitate: 0"
a040,Catedra de Engleza,room,A,false,false,orar.usv.ro,"ID: 251, Capacitate: 0"
s._forta,L201 - Sală Forță,room,A,false,false,orar.usv.ro,"ID: 252, Capacitate: 0"
e132,E132 - Sala curs - 90 locuri,room,E,false,false,orar.usv.ro,"ID: 307, Capacitate: 0"
e113,E113- Laborator- 18 locuri,laboratory,E,false,false,orar.usv.ro,"ID: 308, Capacitate: 0"
e110,E110 - 18 locuri,room,E,false,false,orar.usv.ro,"ID: 309, Capacitate: 0"
e109,E109 Laborator - 16locuri,laboratory,E,false,false,orar.usv.ro,"ID: 310, Capacitate: 0"
e106,E106- calculatoare - 16 locuri,room,E,false,false,orar.usv.ro,"ID: 311, Capacitate: 0"
e105,E105 - 18 locuri,room,E,false,false,orar.usv.ro,"ID: 312, Capacitate: 0"
e227,E227 - 24 locuri,room,E,false,false,orar.usv.ro,"ID: 313, Capacitate: 0"
e032,E032,room,E,false,false,orar.usv.ro,"ID: 314, Capacitate: 0"
e034,E034,room,E,false,false,orar.usv.ro,"ID: 315, Capacitate: 0"
e036,E036,room,E,false,false,orar.usv.ro,"ID: 316, Capacitate: 0"
e026,E026,room,E,false,false,orar.usv.ro,"ID: 318, Capacitate: 0"
a116,A116,room,A,false,false,orar.usv.ro,"ID: 319, Capacitate: 0"
a117,A117,room,A,false,false,orar.usv.ro,"ID: 320, Capacitate: 0"
a004,A004,room,A,false,false,orar.usv.ro,"ID: 321, Capacitate: 0"
e218,E218,room,E,false,false,orar.usv.ro,"ID: 322, Capacitate: 0"
j6,J6,room,J,false,false,orar.usv.ro,"ID: 323, Capacitate: 20"
e217,E217,room,E,false,false,orar.usv.ro,"ID: 325, Capacitate: 0"
c4-cantina,C4-Microcantina,room,Camin,false,false,orar.usv.ro,"ID: 326, Capacitate: 0"
a_034,A 034,room,A,false,false,orar.usv.ro,"ID: 327, Capacitate: 0"
a109,A109,room,A,false,false,orar.usv.ro,"ID: 328, Capacitate: 13"
a013,A013,room,A,false,false,orar.usv.ro,"ID: 330, Capacitate: 0"
a110,A110,room,A,false,false,orar.usv.ro,"ID: 332, Capacitate: 16"
s1,S1,room,A,false,false,orar.usv.ro,"ID: 333, Capacitate: 0"
e039,E039,room,E,false,false,orar.usv.ro,"ID: 334, Capacitate: 0"
a126,Catedra de Română2,room,A,false,false,orar.usv.ro,"ID: 341, Capacitate: 0"
a202,Birou Doctorat+CADISS,room,A,false,false,orar.usv.ro,"ID: 342, Capacitate: 0"
a105,Epigon,room,A,false,false,orar.usv.ro,"ID: 343, Capacitate: 0"
lab_dsp,Lab DSP,laboratory,,false,false,orar.usv.ro,"ID: 344, Capacitate: 0"
bazin_(c1),Bazin (culuar 1),room,K,false,false,orar.usv.ro,"ID: 345, Capacitate: 0"
bazin_(c2),Bazin (culuar 2),room,K,false,false,orar.usv.ro,"ID: 346, Capacitate: 0"
bazin_(c3),Bazin (culuar 3),room,K,false,false,orar.usv.ro,"ID: 347, Capacitate: 0"
bazin_(c4),Bazin (culuar 4),room,K,false,false,orar.usv.ro,"ID: 348, Capacitate: 0"
bazin_(c5),Bazin (culuar 5),room,K,false,false,orar.usv.ro,"ID: 349, Capacitate: 0"
bazin_(c6),Bazin (culuar 6),room,K,false,false,orar.usv.ro,"ID: 350, Capacitate: 0"
a036a,A036a,room,A,false,false,orar.usv.ro,"ID: 363, Capacitate: 16"
h103,H103,room,H,false,false,orar.usv.ro,"ID: 366, Capacitate: 0"
h102,H102,room,H,false,false,orar.usv.ro,"ID: 367, Capacitate: 0"
h306,H306,room,H,false,false,orar.usv.ro,"ID: 368, Capacitate: 0"
h301,H301,room,H,false,false,orar.usv.ro,"ID: 369, Capacitate: 6"
e221,E221,room,E,false,false,orar.usv.ro,"ID: 370, Capacitate: 0"
h304,H304,room,H,false,false,orar.usv.ro,"ID: 371, Capacitate: 0"
h206,H206,room,H,false,false,orar.usv.ro,"ID: 373, Capacitate: 0"
h205,H205,room,H,false,false,orar.usv.ro,"ID: 376, Capacitate: 0"
h108,H108,room,H,false,false,orar.usv.ro,"ID: 377, Capacitate: 0"
h105,H105,room,H,false,false,orar.usv.ro,"ID: 378, Capacitate: 6"
a006,A006,room,A,false,false,orar.usv.ro,"ID: 379, Capacitate: 0"
e124,E124,room,E,false,false,orar.usv.ro,"ID: 380, Capacitate: 0"
h203,H203,room,H,false,false,orar.usv.ro,"ID: 381, Capacitate: 0"
h303,H303,room,H,false,false,orar.usv.ro,"ID: 382, Capacitate: 0"
h002,H002,room,H,false,false,orar.usv.ro,"ID: 383, Capacitate: 0"
h109,H109,room,H,false,false,orar.usv.ro,"ID: 384, Capacitate: 0"
ed003,ED003,room,E,false,false,orar.usv.ro,"ID: 386, Capacitate: 0"
a301,Birou It.+Sp.+Ucr. ,room,A,false,false,orar.usv.ro,"ID: 387, Capacitate: 0"
e235,E235,room,E,false,false,orar.usv.ro,"ID: 388, Capacitate: 0"
h207,H207,room,H,false,false,orar.usv.ro,"ID: 389, Capacitate: 0"
h104,H104,room,H,false,false,orar.usv.ro,"ID: 390, Capacitate: 0"
cons._jud.,Consiliu Judetean,room,H,false,false,orar.usv.ro,"ID: 391, Capacitate: 0"
e002,Birou Director CSUD,room,E,false,false,orar.usv.ro,"ID: 393, Capacitate: 0"
ed010,ED010- calculatoare 14 locuri,room,E,false,false,orar.usv.ro,"ID: 398, Capacitate: 0"
ed013,ED013 - 16 locuri,room,E,false,false,orar.usv.ro,"ID: 400, Capacitate: 0"
ed012,ED012 - 16 locuri,room,E,false,false,orar.usv.ro,"ID: 401, Capacitate: 0"
ed006,Laborator cercetare E.A.,laboratory,E,false,false,orar.usv.ro,"ID: 402, Capacitate: 0"
a118,A118,room,A,false,false,orar.usv.ro,"ID: 403, Capacitate: 0"
birou_e_208,E 208 Catedra,room,E,false,false,orar.usv.ro,"ID: 404, Capacitate: 0"
_birou_e_228,E 228 Catedra,room,E,false,false,orar.usv.ro,"ID: 406, Capacitate: 0"
_birou_e_203,Birou E 203 Catedra,room,E,false,false,orar.usv.ro,"ID: 407, Capacitate: 0"
birou_e_212,E 212 Catedra,room,E,false,false,orar.usv.ro,"ID: 409, Capacitate: 0"
birou_e_229,E 229 Catedra,room,E,false,false,orar.usv.ro,"ID: 411, Capacitate: 0"
a_31,A 31 Catedra Centrul de Studii,room,A,false,false,orar.usv.ro,"ID: 412, Capacitate: 0"
e_0010,E 0010 Prorectorat Relatii Int,room,E,false,false,orar.usv.ro,"ID: 413, Capacitate: 0"
birou_e211,E211 Filosofie,room,E,false,false,orar.usv.ro,"ID: 414, Capacitate: 0"
birou_e232,E232 Filosofie,room,E,false,false,orar.usv.ro,"ID: 418, Capacitate: 0"
b216_birou_cd,B216 Birou CD,room,B,false,false,orar.usv.ro,"ID: 427, Capacitate: 0"
b207_birou_cd,B207 Birou CD,room,B,false,false,orar.usv.ro,"ID: 431, Capacitate: 0"
h110,H110,room,H,false,false,orar.usv.ro,"ID: 442, Capacitate: 0"
h204,H204,room,H,false,false,orar.usv.ro,"ID: 443, Capacitate: 0"
e238,E238,room,E,false,false,orar.usv.ro,"ID: 446, Capacitate: 0"
e204,E204,room,E,false,false,orar.usv.ro,"ID: 447, Capacitate: 0"
e207,E207,room,E,false,false,orar.usv.ro,"ID: 448, Capacitate: 0"
e231,E231,room,E,false,false,orar.usv.ro,"ID: 449, Capacitate: 0"
e214,E214,room,E,false,false,orar.usv.ro,"ID: 450, Capacitate: 0"
a019,Catedra1 FSE,room,A,false,false,orar.usv.ro,"ID: 453, Capacitate: 0"
a008,Catedra2 FSE,room,A,false,false,orar.usv.ro,"ID: 454, Capacitate: 0"
e234,E234,room,E,false,false,orar.usv.ro,"ID: 455, Capacitate: 0"
h001,H001,room,H,false,false,orar.usv.ro,"ID: 460, Capacitate: 0"
s62,S62,room,A,false,false,orar.usv.ro,"ID: 461, Capacitate: 0"
b104_lab_om+trib,B104 Laborator OM+Trib,laboratory,B,false,false,orar.usv.ro,"ID: 462, Capacitate: 0"
e_015,E 015,room,E,false,false,orar.usv.ro,"ID: 472, Capacitate: 0"
a_7,Birou A 7 Doctorat Istorie,room,A,false,false,orar.usv.ro,"ID: 476, Capacitate: 0"
h202,H202,room,H,false,false,orar.usv.ro,"ID: 484, Capacitate: 0"
e125,E125,room,E,false,false,orar.usv.ro,"ID: 485, Capacitate: 0"
e222,E222,room,E,false,false,orar.usv.ro,"ID: 487, Capacitate: 0"
h305,H305,room,H,false,false,orar.usv.ro,"ID: 488, Capacitate: 0"
a017,Birou Scoala doctorala,room,A,false,false,orar.usv.ro,"ID: 489, Capacitate: 0"
c408,C408,room,C,false,false,orar.usv.ro,"ID: 490, Capacitate: 0"
c401a,Scoala Doctorala,room,C,false,false,orar.usv.ro,"ID: 491, Capacitate: 0"
c402,C402,room,C,false,false,orar.usv.ro,"ID: 492, Capacitate: 0"
c404,C404,room,C,false,false,orar.usv.ro,"ID: 493, Capacitate: 15"
c401b,C401b,room,C,false,false,orar.usv.ro,"ID: 495, Capacitate: 15"
a201,Birou Doctorat RN,room,A,false,false,orar.usv.ro,"ID: 497, Capacitate: 0"
a010,Birou Doctorat MAD,room,A,false,false,orar.usv.ro,"ID: 498, Capacitate: 0"
h107,H107,room,H,false,false,orar.usv.ro,"ID: 501, Capacitate: 0"
s._fitness,L104 - Sala Fitness,room,A,false,false,orar.usv.ro,"ID: 502, Capacitate: 0"
b108_lab_mecs+ds,B108 Laborator Mecanisme,laboratory,B,false,false,orar.usv.ro,"ID: 506, Capacitate: 0"
b112_lab_ma+da,B112 Laborator Mectr auto,laboratory,B,false,false,orar.usv.ro,"ID: 510, Capacitate: 0"
h101,H101,room,H,false,false,orar.usv.ro,"ID: 512, Capacitate: 0"
h201,H201,room,H,false,false,orar.usv.ro,"ID: 516, Capacitate: 0"
a026,A026 - birou,room,A,false,false,orar.usv.ro,"ID: 519, Capacitate: 0"
restaurant,Restaurant USV,room,Restaur,false,false,orar.usv.ro,"ID: 520, Capacitate: 0"
aula_e,Aula E,auditorium,E,false,false,orar.usv.ro,"ID: 521, Capacitate: 38"
c409,C409,room,C,false,false,orar.usv.ro,"ID: 522, Capacitate: 0"
ed022,ED022,room,E,false,false,orar.usv.ro,"ID: 524, Capacitate: 0"
aula,A. Aula,auditorium,A,false,false,orar.usv.ro,"ID: 525, Capacitate: 46"
a002,Decanat FLSC A002,room,A,false,false,orar.usv.ro,"ID: 526, Capacitate: 0"
e011a,E011A Secretariat FMSB,room,E,false,false,orar.usv.ro,"ID: 529, Capacitate: 0"
c5-108,C5-108,room,Camin,false,false,orar.usv.ro,"ID: 530, Capacitate: 0"
108,108,room,Camin,false,false,orar.usv.ro,"ID: 536, Capacitate: 0"
incubaf,Incubator de afaceri,room,Cămin,false,false,orar.usv.ro,"ID: 537, Capacitate: 0"
d102,D102,room,D,false,false,orar.usv.ro,"ID: 548, Capacitate: 0"
e215,E215,room,E,false,false,orar.usv.ro,"ID: 549, Capacitate: 0"
doar_4_nov,Sustinere teza doctorat,room,D,false,false,orar.usv.ro,"ID: 550, Capacitate: 0"
c405,C405,room,C,false,false,orar.usv.ro,"ID: 554, Capacitate: 0"
a003,Decanat,room,A,false,false,orar.usv.ro,"ID: 555, Capacitate: 0"
a209,Birou,room,A,false,false,orar.usv.ro,"ID: 556, Capacitate: 0"
corp_k,Corp K,room,K,false,false,orar.usv.ro,"ID: 557, Capacitate: 0"
a016,A016 - birou,room,A,false,false,orar.usv.ro,"ID: 559, Capacitate: 0"
e237,E237,room,E,false,false,orar.usv.ro,"ID: 560, Capacitate: 0"
a009,A009 - birou,room,A,false,false,orar.usv.ro,"ID: 561, Capacitate: 0"
c401d,C401d,room,C,false,false,orar.usv.ro,"ID: 562, Capacitate: 15"
a210,Birou A210,room,A,false,false,orar.usv.ro,"ID: 563, Capacitate: 0"
a027,A027 - birou,room,A,false,false,orar.usv.ro,"ID: 567, Capacitate: 0"
j1,J1,room,J,false,false,orar.usv.ro,"ID: 570, Capacitate: 16"
b206a_birou_cd,B206a Birou CD,room,B,false,false,orar.usv.ro,"ID: 573, Capacitate: 0"
b110,Birou 110,room,B,false,false,orar.usv.ro,"ID: 575, Capacitate: 0"
e240,E240,room,E,false,false,orar.usv.ro,"ID: 577, Capacitate: 0"
auditorium,Auditorium,room,F,false,false,orar.usv.ro,"ID: 578, Capacitate: 0"
e236,E236,room,E,false,false,orar.usv.ro,"ID: 582, Capacitate: 0"
d104b,D104b,room,D,false,false,orar.usv.ro,"ID: 584, Capacitate: 0"
sc,Sala Consiliu,room,H,false,false,orar.usv.ro,"ID: 587, Capacitate: 0"
b206b,B206b,room,B,false,false,orar.usv.ro,"ID: 590, Capacitate: 0"
a032,A032,room,A,false,false,orar.usv.ro,"ID: 592, Capacitate: 0"
e239,E239,room,,false,false,orar.usv.ro,"ID: 593, Capacitate: 0"
pb3,P.Bucovina 3,room,PB,false,false,orar.usv.ro,"ID: 594, Capacitate: 0"
pb6,P.Bucovina 6,room,PB,false,false,orar.usv.ro,"ID: 595, Capacitate: 0"
pb7,P.Bucovina 7,room,PB,false,false,orar.usv.ro,"ID: 596, Capacitate: 0"
"foaier,_f","Foaier, Auditorium, corp F ",room,F,false,false,orar.usv.ro,"ID: 598, Capacitate: 0"
pb2,PB2,room,PB,false,false,orar.usv.ro,"ID: 600, Capacitate: 0"
c406,C406,room,C,false,false,orar.usv.ro,"ID: 604, Capacitate: 0"
pb5,PB5,room,PB,false,false,orar.usv.ro,"ID: 607, Capacitate: 0"
pb201,P. Bucovina 201,room,PB,false,false,orar.usv.ro,"ID: 608, Capacitate: 0"
pb202,P.Bucovina 202,room,PB,false,false,orar.usv.ro,"ID: 609, Capacitate: 0"
n108,N108,room,N,false,false,orar.usv.ro,"ID: 612, Capacitate: 0"
a_012,A 012,room,A,false,false,orar.usv.ro,"ID: 613, Capacitate: 0"
pb002,PB002,room,PB,false,false,orar.usv.ro,"ID: 618, Capacitate: 0"
037a,037a,room,A,false,false,orar.usv.ro,"ID: 620, Capacitate: 0"
bicom_2,Bicom 2,room,Bicom,false,false,orar.usv.ro,"ID: 622, Capacitate: 0"
_online,_on-line,room,,false,false,orar.usv.ro,"ID: 624, Capacitate: 999"
c407,C407,room,C,false,false,orar.usv.ro,"ID: 628, Capacitate: 20"
b110a_lab_sahp,B110a Laborator Sist de act,laboratory,B,false,false,orar.usv.ro,"ID: 633, Capacitate: 0"
pb301,P. Bucovina 301,room,PB,false,false,orar.usv.ro,"ID: 634, Capacitate: 0"
037b,037b,room,A,false,false,orar.usv.ro,"ID: 635, Capacitate: 0"
ed005,ED005,room,E,false,false,orar.usv.ro,"ID: 641, Capacitate: 0"
ed007,ED007,room,,false,false,orar.usv.ro,"ID: 645, Capacitate: 0"
ed026,ED026,room,,false,false,orar.usv.ro,"ID: 646, Capacitate: 0"
pb302,P.Bucovina 302,room,PB,false,false,orar.usv.ro,"ID: 655, Capacitate: 0"
a035,A035,room,A,false,false,orar.usv.ro,"ID: 656, Capacitate: 0"
ch_3,Corp CH - CreativeHUB 3,room,,false,false,orar.usv.ro,"ID: 657, Capacitate: 0"
ch1,CreativeHUB 1,room,CH,false,false,orar.usv.ro,"ID: 658, Capacitate: 0"
ch2,CreativeHUB 2,room,CH,false,false,orar.usv.ro,"ID: 659, Capacitate: 0"
ch4,CreativeHUB 4,room,CH,false,false,orar.usv.ro,"ID: 661, Capacitate: 0"
b113_lab_bia,Bazele Ing Autovehic,room,B,false,false,orar.usv.ro,"ID: 662, Capacitate: 0"
lb4,LB4,laboratory,,false,false,orar.usv.ro,"ID: 666, Capacitate: 0"
radio_usv,corp F - Sala 110 Radio USV,room,F,false,false,orar.usv.ro,"ID: 667, Capacitate: 18"
bookcafe,BookCafe,room,,false,false,orar.usv.ro,"ID: 672, Capacitate: 0"
b103_lab_sra,B103 Laborator Sist Rob AV,laboratory,B,false,false,orar.usv.ro,"ID: 673, Capacitate: 0"
e116,E116 Director Biblioteca,room,E,false,false,orar.usv.ro,"ID: 674, Capacitate: 0"
b206c_birou_cd,B206c Birou CD,room,B,false,false,orar.usv.ro,"ID: 675, Capacitate: 0"
a208,A208 Birou,room,A,false,false,orar.usv.ro,"ID: 676, Capacitate: 0"
c_practica,Centru de practică,room,,false,false,orar.usv.ro,"ID: 677, Capacitate: 0"
c401e,C401e,room,C,false,false,orar.usv.ro,"ID: 680, Capacitate: 0"
ed042,Centru Media,room,E,false,false,orar.usv.ro,"ID: 681, Capacitate: 0"
cl1_-_sala_ii.5,CNI Spiru Haret - Sala II.5,room,,false,false,orar.usv.ro,"ID: 683, Capacitate: 30"
cl2_-_sala_ii.4,CNI Spiru Haret - Sala II.4,room,,false,false,orar.usv.ro,"ID: 685, Capacitate: 30"
cl3_-_sala_ii.6,CNI Spiru Haret - Sala II.6,room,,false,false,orar.usv.ro,"ID: 689, Capacitate: 30"
sl_(a103),Sala lectura,room,A,false,false,orar.usv.ro,"ID: 690, Capacitate: 90"
spb_(a047),Sala periodice Biblioteca USV,room,A,false,false,orar.usv.ro,"ID: 691, Capacitate: 30"
b313,B313,room,B,false,false,orar.usv.ro,"ID: 692, Capacitate: 30"
c410,C410,room,C,false,false,orar.usv.ro,"ID: 699, Capacitate: 2"
h302,H302,room,H,false,false,orar.usv.ro,"ID: 701, Capacitate: 0"
pb401,PB401,room,,false,false,orar.usv.ro,"ID: 706, Capacitate: 0"
spital,Sectii clinice SCJSV,room,,false,false,orar.usv.ro,"ID: 709, Capacitate: 0"
d101a,D101a,room,D,false,false,orar.usv.ro,"ID: 710, Capacitate: 25"
j7,J7,room,J,false,false,orar.usv.ro,"ID: 714, Capacitate: 30"
ambulator_scju,Ambulator SCJU/Sectii clinice,room,,false,false,orar.usv.ro,"ID: 717, Capacitate: 0"
rectorat,Rectorat,room,E,false,false,orar.usv.ro,"ID: 724, Capacitate: 0"
lab_bm_scjusv,Lab biologie moleculara SCJUSV,laboratory,,false,false,orar.usv.ro,"ID: 726, Capacitate: 0"
clinici,Clinici,room,,false,false,orar.usv.ro,"ID: 727, Capacitate: 0"
patinoar,Patinoar,sports,,false,false,orar.usv.ro,"ID: 728, Capacitate: 0"
d011a,D011a,room,D,false,false,orar.usv.ro,"ID: 730, Capacitate: 0"
sala_psihoconsil,Sala de psiho-consiliere,room,,false,false,orar.usv.ro,"ID: 731, Capacitate: 0"
spital_lab_bm,Lab Biologie moleculara Spital,laboratory,,false,false,orar.usv.ro,"ID: 732, Capacitate: 0"
oe,Operator economic,room,,false,false,orar.usv.ro,"ID: 733, Capacitate: 0"
pb403,PB403,room,PB,false,false,orar.usv.ro,"ID: 740, Capacitate: 0"
sem_nursing_i+ii,Sală Demonstrație Nursing I+II,room,,false,false,orar.usv.ro,"ID: 741, Capacitate: 0"
a037,A037,room,,false,false,orar.usv.ro,"ID: 742, Capacitate: 0"
h111,H111,room,H,false,false,orar.usv.ro,"ID: 743, Capacitate: 0"
p102,P102 Laborator Informatică,laboratory,P,false,false,orar.usv.ro,"ID: 744, Capacitate: 22"
p103,P103 - Laborator didactic,laboratory,P,false,false,orar.usv.ro,"ID: 745, Capacitate: 35"
p104,P104 - Sală curs 1,room,P,false,false,orar.usv.ro,"ID: 746, Capacitate: 100"
p101,P101 Birou,room,P,false,false,orar.usv.ro,"ID: 747, Capacitate: 0"
p201,P201 Birou,room,P,false,false,orar.usv.ro,"ID: 748, Capacitate: 0"
p202,P202 - Laborator Gamificare,laboratory,P,false,false,orar.usv.ro,"ID: 749, Capacitate: 12"
p203,P203 Centru Educatie Timpurie,room,P,false,false,orar.usv.ro,"ID: 750, Capacitate: 35"
p204,P204 Sala Curs 2,room,P,false,false,orar.usv.ro,"ID: 751, Capacitate: 100"
p301,P301 Birou,room,P,false,false,orar.usv.ro,"ID: 752, Capacitate: 0"
p302,P302 Laborator Neuroștiințe,laboratory,P,false,false,orar.usv.ro,"ID: 753, Capacitate: 22"
p303,P303 Sala seminar,room,P,false,false,orar.usv.ro,"ID: 754, Capacitate: 35"
p304,P304 Sala curs 3,room,P,false,false,orar.usv.ro,"ID: 755, Capacitate: 56"
p305,P305 Lab de psihodiagnostic,laboratory,P,false,false,orar.usv.ro,"ID: 756, Capacitate: 22"
sala_spital_sv,Sala Sedinte Spital SV,room,,false,false,orar.usv.ro,"ID: 757, Capacitate: 0"
a047,A047,room,A,false,false,orar.usv.ro,"ID: 758, Capacitate: 0"
e006,E006,room,,false,false,orar.usv.ro,"ID: 759, Capacitate: 0"
cs_spital,Centru de simulare Spital Onco,room,,false,false,orar.usv.ro,"ID: 760, Capacitate: 0"
online_google_meet,Online — Google Meet,online,,true,false,manual,Added for flexibility
online_ms_teams,Online — Microsoft Teams,online,,true,false,manual,Added for flexibility
online_zoom,Online — Zoom,online,,true,false,manual,Added for flexibility
online_discord,Online — Discord,online,,true,false,manual,Added for flexibility
hybrid_meet,Hybrid — Campus USV + Google Meet,hybrid,,true,false,manual,Added for flexibility
external,External Location,external,,false,true,manual,Added for flexibility
other,Other / Custom location,unknown,,false,false,manual,Added for flexibility
