source_site,location_code,location_name,location_type,faculty_or_area,building,notes
orar.usv.ro,C001,C001,room,,C,"ID: 8, Capacitate: 42"
orar.usv.ro,C002,C002,room,,C,"ID: 9, Capacitate: 42"
orar.usv.ro,C004,C004,room,,C,"ID: 10, Capacitate: 21"
orar.usv.ro,C005,C005,room,,C,"ID: 11, Capacitate: 21"
orar.usv.ro,C007,C007,room,,C,"ID: 12, Capacitate: 0"
orar.usv.ro,C101,C101,room,,C,"ID: 13, Capacitate: 30"
orar.usv.ro,C102,C102,room,,C,"ID: 14, Capacitate: 29"
orar.usv.ro,C103,C103,room,,C,"ID: 15, Capacitate: 30"
orar.usv.ro,C104,C104,room,,C,"ID: 16, Capacitate: 21"
orar.usv.ro,C105,C105,room,,C,"ID: 17, Capacitate: 21"
orar.usv.ro,C107,C107,room,,C,"ID: 19, Capacitate: 21"
orar.usv.ro,C108,C108,room,,C,"ID: 20, Capacitate: 0"
orar.usv.ro,C109,C109,room,,C,"ID: 21, Capacitate: 19"
orar.usv.ro,C201,C201,room,,C,"ID: 22, Capacitate: 28"
orar.usv.ro,C202,C202,room,,C,"ID: 23, Capacitate: 28"
orar.usv.ro,C203,C203,room,,C,"ID: 24, Capacitate: 28"
orar.usv.ro,C204,C204,room,,C,"ID: 25, Capacitate: 21"
orar.usv.ro,C205,C205,room,,C,"ID: 26, Capacitate: 0"
orar.usv.ro,C206,C206,room,,C,"ID: 27, Capacitate: 0"
orar.usv.ro,C207,C207,room,,C,"ID: 28, Capacitate: 21"
orar.usv.ro,C208,C208,room,,C,"ID: 29, Capacitate: 0"
orar.usv.ro,C209,C209,room,,C,"ID: 30, Capacitate: 19"
orar.usv.ro,C301,C301,room,,C,"ID: 31, Capacitate: 28"
orar.usv.ro,C302,C302,room,,C,"ID: 32, Capacitate: 28"
orar.usv.ro,C303,C303,room,,C,"ID: 33, Capacitate: 28"
orar.usv.ro,C304,C304,room,,C,"ID: 34, Capacitate: 21"
orar.usv.ro,C305,C305,room,,C,"ID: 35, Capacitate: 21"
orar.usv.ro,C307,C307,room,,C,"ID: 37, Capacitate: 0"
orar.usv.ro,D001,D001,room,,D,"ID: 38, Capacitate: 0"
orar.usv.ro,D002,D002,room,,D,"ID: 39, Capacitate: 0"
orar.usv.ro,D003,D003,room,,D,"ID: 40, Capacitate: 0"
orar.usv.ro,D004,D004,room,,D,"ID: 41, Capacitate: 0"
orar.usv.ro,D005,D005,room,,D,"ID: 43, Capacitate: 0"
orar.usv.ro,D006,D006,room,,D,"ID: 44, Capacitate: 18"
orar.usv.ro,D007,D007,room,,D,"ID: 45, Capacitate: 14"
orar.usv.ro,D008,D008,room,,D,"ID: 46, Capacitate: 14"
orar.usv.ro,D009,D009,room,,D,"ID: 47, Capacitate: 14"
orar.usv.ro,D011,D011,room,,D,"ID: 48, Capacitate: 21"
orar.usv.ro,D101,D101,room,,D,"ID: 49, Capacitate: 36"
orar.usv.ro,D103,D103,room,,D,"ID: 51, Capacitate: 0"
orar.usv.ro,D104a,D104a,room,,D,"ID: 52, Capacitate: 0"
orar.usv.ro,D105,D105,room,,D,"ID: 53, Capacitate: 0"
orar.usv.ro,D106,D106,room,,D,"ID: 54, Capacitate: 14"
orar.usv.ro,D107,D107,room,,D,"ID: 55, Capacitate: 14"
orar.usv.ro,D108,D108,room,,D,"ID: 56, Capacitate: 0"
orar.usv.ro,D109,D109,room,,D,"ID: 57, Capacitate: 0"
orar.usv.ro,D111,D111,room,,D,"ID: 58, Capacitate: 0"
orar.usv.ro,D205,D205,room,,D,"ID: 60, Capacitate: 14"
orar.usv.ro,D207,D207,room,,D,"ID: 61, Capacitate: 0"
orar.usv.ro,D Amf. DH,amf. Dragomir Hurmuzescu,room,,D,"ID: 63, Capacitate: 36"
orar.usv.ro,D Amf. NB,amf. Nicolae Boţan,room,,D,"ID: 65, Capacitate: 36"
orar.usv.ro,D Amf. RR,amf. Remus Radulet,room,,D,"ID: 66, Capacitate: 36"
orar.usv.ro,A018,A018,room,,A,"ID: 70, Capacitate: 12"
orar.usv.ro,A022,A022 Centru Resurse ET,room,,A,"ID: 71, Capacitate: 20"
orar.usv.ro,C306,C306,room,,C,"ID: 72, Capacitate: 21"
orar.usv.ro,FIM2,Amf. Emanuel Diaconescu,room,,B,"ID: 73, Capacitate: 0"
orar.usv.ro,B302,B302 Tehnica dentara-Protetica,room,,B,"ID: 74, Capacitate: 0"
orar.usv.ro,ED004,ED004,room,,E,"ID: 81, Capacitate: 0"
orar.usv.ro,E213,E213,room,,E,"ID: 82, Capacitate: 0"
orar.usv.ro,E210,E210,room,,E,"ID: 83, Capacitate: 0"
orar.usv.ro,E205,E205,room,,E,"ID: 84, Capacitate: 0"
orar.usv.ro,E223,E223,room,,E,"ID: 85, Capacitate: 0"
orar.usv.ro,B304,B304,room,,B,"ID: 90, Capacitate: 0"
orar.usv.ro,B305 Lab Fiz,B305 Laborator Fizica,laboratory,,B,"ID: 92, Capacitate: 0"
orar.usv.ro,B307 Sala Curs,B307 Sala Curs,room,,B,"ID: 93, Capacitate: 0"
orar.usv.ro,B310 Sala Curs,B310 Sala Curs,room,,B,"ID: 94, Capacitate: 0"
orar.usv.ro,B312,FIM B312,room,,B,"ID: 95, Capacitate: 0"
orar.usv.ro,B006 Lab MF,B006 Laborator Mec Fluide,laboratory,,B,"ID: 96, Capacitate: 0"
orar.usv.ro,B008 Lab TMT,B008 Laborator Termotehnica,laboratory,,B,"ID: 97, Capacitate: 0"
orar.usv.ro,B209 Lab Mec,B209 Laborator Mecanica,laboratory,,B,"ID: 102, Capacitate: 0"
orar.usv.ro,B213 Lab RM,B213 Laborator Rezistenta,laboratory,,B,"ID: 104, Capacitate: 0"
orar.usv.ro,B202 Lab DT+GD,B202 Laborator Desen Tehnic,laboratory,,B,"ID: 106, Capacitate: 0"
orar.usv.ro,B301,B301 Tehnica dentara-protetica,room,,B,"ID: 107, Capacitate: 0"
orar.usv.ro,B303,B303 Laborator microbiologie,laboratory,,B,"ID: 108, Capacitate: 0"
orar.usv.ro,B308 Lab SMCT,B308 Laborator Sisteme Mecatr,laboratory,,B,"ID: 110, Capacitate: 0"
orar.usv.ro,B309 Lab PAC+MN,B309 Laborator Proiectare Asis,laboratory,,B,"ID: 111, Capacitate: 0"
orar.usv.ro,Lab TM,Laborator TM,laboratory,,B,"ID: 112, Capacitate: 0"
orar.usv.ro,ED001,ED001,room,,E,"ID: 115, Capacitate: 0"
orar.usv.ro,E209,E209,room,,E,"ID: 116, Capacitate: 0"
orar.usv.ro,Obs.2,Obs2 Lab. Testare Psihologică,laboratory,,Obs.,"ID: 117, Capacitate: 0"
orar.usv.ro,G101,G101,room,,G,"ID: 118, Capacitate: 0"
orar.usv.ro,B101,B101 Nutriție și Metabolism,room,,B,"ID: 120, Capacitate: 0"
orar.usv.ro,B011 Lab DispTeh,B011 Laborator Dispozitive ,laboratory,,B,"ID: 122, Capacitate: 0"
orar.usv.ro,B012 Lab PDPR,B012 Laborator Prelucr def,laboratory,,B,"ID: 123, Capacitate: 0"
orar.usv.ro,B013 Lab TehnFab,B013 Laborator Tehn de Fabr,laboratory,,B,"ID: 124, Capacitate: 0"
orar.usv.ro,B014 Lab CFAC,B014 Laborator Concep Fabr,laboratory,,B,"ID: 125, Capacitate: 0"
orar.usv.ro,B203 Lab SIM,B203 Laborator Stiinta IngMat ,laboratory,,B,"ID: 128, Capacitate: 0"
orar.usv.ro,S. Sport,Sala sport,room,,Sala,"ID: 129, Capacitate: 0"
orar.usv.ro,C003,C003,room,,C,"ID: 130, Capacitate: 21"
orar.usv.ro,Obs.1,Obs. 1 - Sală mare,room,,Obs.,"ID: 132, Capacitate: 0"
orar.usv.ro,B007 Lab MU,B007 Laborator Masini Unelte,laboratory,,B,"ID: 133, Capacitate: 0"
orar.usv.ro,E Amf E129,Amf E129,room,,E,"ID: 135, Capacitate: 0"
orar.usv.ro,E230,E230 - sala curs - 90 locuri,room,,E,"ID: 136, Capacitate: 0"
orar.usv.ro,A114,A114 (A53),room,,A,"ID: 137, Capacitate: 0"
orar.usv.ro,A121,A121 - laborator,laboratory,,A,"ID: 140, Capacitate: 0"
orar.usv.ro,E206,E206,room,,E,"ID: 141, Capacitate: 0"
orar.usv.ro,Sala Club,Sala Club,room,,Camin,"ID: 144, Capacitate: 0"
orar.usv.ro,Sala Areni,Sala Stadion Areni,room,,A,"ID: 147, Capacitate: 0"
orar.usv.ro,E216,E216,room,,E,"ID: 150, Capacitate: 0"
orar.usv.ro,T.S.,Teren  sintetic,sports,,,"ID: 151, Capacitate: 0"
orar.usv.ro,E003,E003,room,,E,"ID: 153, Capacitate: 0"
orar.usv.ro,A120,Lectoratul Francez,room,,A,"ID: 154, Capacitate: 20"
orar.usv.ro,E219,E219,room,,E,"ID: 155, Capacitate: 0"
orar.usv.ro,E005,E005,room,,E,"ID: 156, Capacitate: 31"
orar.usv.ro,B201 Lab GAC+IG,B201 Laborator Infografica,laboratory,,B,"ID: 158, Capacitate: 0"
orar.usv.ro,A20,A20,room,,A,"ID: 159, Capacitate: 0"
orar.usv.ro,K102,K102 Laborator fizioterapie,laboratory,,K,"ID: 160, Capacitate: 0"
orar.usv.ro,D Amf. DL,amf. Dimitrie Leonida,room,,D,"ID: 162, Capacitate: 43"
orar.usv.ro,A108,Laborator Limbi Moderne,laboratory,,A,"ID: 163, Capacitate: 20"
orar.usv.ro,A111,Sala Eugeniu Coşeriu,room,,A,"ID: 164, Capacitate: 60"
orar.usv.ro,A024,A024,room,,A,"ID: 165, Capacitate: 0"
orar.usv.ro,A115,Amfiteatrul Eugen Lovinescu,auditorium,,A,"ID: 167, Capacitate: 110"
orar.usv.ro,A119,Laborator Multimedia ProLang,laboratory,,A,"ID: 168, Capacitate: 20"
orar.usv.ro,A122,Lectoratul Italian,room,,A,"ID: 169, Capacitate: 20"
orar.usv.ro,A203,Lectoratul Spaniol,room,,A,"ID: 170, Capacitate: 0"
orar.usv.ro,A206,Sala Studii Anglo-Americane,room,,A,"ID: 172, Capacitate: 40"
orar.usv.ro,A302,Centrul de Reusita Universitar,room,,A,"ID: 173, Capacitate: 0"
orar.usv.ro,LB2,Laborator Media,laboratory,,,"ID: 174, Capacitate: 20"
orar.usv.ro,LB1,Sală An pregătitor,room,,,"ID: 176, Capacitate: 20"
orar.usv.ro,A204,Lectoratul German,room,,A,"ID: 178, Capacitate: 0"
orar.usv.ro,E120,E120,room,,E,"ID: 182, Capacitate: 0"
orar.usv.ro,PB4,P.Bucovina 4,room,,PB,"ID: 184, Capacitate: 0"
orar.usv.ro,PB11bis,P.Bucovina 11bis,room,,PB,"ID: 185, Capacitate: 0"
orar.usv.ro,E220, E220,room,,E,"ID: 186, Capacitate: 0"
orar.usv.ro,A038,A038,room,,A,"ID: 187, Capacitate: 0"
orar.usv.ro,E201,E201,room,,E,"ID: 192, Capacitate: 0"
orar.usv.ro,E123,E123,room,,E,"ID: 193, Capacitate: 10"
orar.usv.ro,ED024,ED024,room,,E,"ID: 194, Capacitate: 0"
orar.usv.ro,ED016,ED016,room,,E,"ID: 195, Capacitate: 0"
orar.usv.ro,FIM1,FIM1,room,,B,"ID: 196, Capacitate: 0"
orar.usv.ro,E101,E101,room,,E,"ID: 197, Capacitate: 31"
orar.usv.ro,ED011,ED011,room,,E,"ID: 200, Capacitate: 0"
orar.usv.ro,E233,E233,room,,E,"ID: 201, Capacitate: 31"
orar.usv.ro,ED028-30,ED028-30,room,,E,"ID: 203, Capacitate: 0"
orar.usv.ro,E224,E 224,room,,E,"ID: 207, Capacitate: 0"
orar.usv.ro,CA DPPD,Casa alba DPPD,laboratory,,C.A.,"ID: 209, Capacitate: 0"
orar.usv.ro,E126,E126,room,,E,"ID: 213, Capacitate: 0"
orar.usv.ro,Sala Senat,Sala Senat,room,,H,"ID: 214, Capacitate: 0"
orar.usv.ro,A128,Catedra de Franceza,room,,A,"ID: 215, Capacitate: 0"
orar.usv.ro,A112,A112 - sala DSPP,room,,A,"ID: 216, Capacitate: 0"
orar.usv.ro,E119,E119,room,,E,"ID: 218, Capacitate: 0"
orar.usv.ro,ED015,ED015,room,,E,"ID: 222, Capacitate: 0"
orar.usv.ro,LB3,Sala curs LB3,laboratory,,,"ID: 224, Capacitate: 0"
orar.usv.ro,A033,A033,room,,A,"ID: 225, Capacitate: 16"
orar.usv.ro,D110,D110,room,,D,"ID: 227, Capacitate: 0"
orar.usv.ro,E118,E118,room,,E,"ID: 230, Capacitate: 0"
orar.usv.ro,B004 Lab Ch,B004 Laborator Chimie,laboratory,,B,"ID: 233, Capacitate: 0"
orar.usv.ro,K210,K210,room,,K,"ID: 234, Capacitate: 0"
orar.usv.ro,A113,A113(A52),room,,A,"ID: 235, Capacitate: 0"
orar.usv.ro,K107,K 107 - Laborator BFKT,laboratory,,K,"ID: 238, Capacitate: 0"
orar.usv.ro,Bazin,Bazin de înot,room,,K,"ID: 239, Capacitate: 0"
orar.usv.ro,Stadion,Stadion Areni,room,,Stadion,"ID: 240, Capacitate: 0"
orar.usv.ro,A039,Laborator de Etnografie,laboratory,,A,"ID: 242, Capacitate: 36"
orar.usv.ro,A205,Lectoratul Ucrainean,room,,A,"ID: 246, Capacitate: 10"
orar.usv.ro,A127,Birou Comunicare,room,,A,"ID: 249, Capacitate: 0"
orar.usv.ro,A125,Catedra de Română,room,,A,"ID: 250, Capacitate: 0"
orar.usv.ro,A040,Catedra de Engleza,room,,A,"ID: 251, Capacitate: 0"
orar.usv.ro,S. Forta,L201 - Sală Forță,room,,A,"ID: 252, Capacitate: 0"
orar.usv.ro,E132,E132 - Sala curs - 90 locuri,room,,E,"ID: 307, Capacitate: 0"
orar.usv.ro,E113,E113- Laborator- 18 locuri,laboratory,,E,"ID: 308, Capacitate: 0"
orar.usv.ro,E110,E110 - 18 locuri,room,,E,"ID: 309, Capacitate: 0"
orar.usv.ro,E109,E109 Laborator - 16locuri,laboratory,,E,"ID: 310, Capacitate: 0"
orar.usv.ro,E106,E106- calculatoare - 16 locuri,room,,E,"ID: 311, Capacitate: 0"
orar.usv.ro,E105,E105 - 18 locuri,room,,E,"ID: 312, Capacitate: 0"
orar.usv.ro,E227,E227 - 24 locuri,room,,E,"ID: 313, Capacitate: 0"
orar.usv.ro,E032,E032,room,,E,"ID: 314, Capacitate: 0"
orar.usv.ro,E034,E034,room,,E,"ID: 315, Capacitate: 0"
orar.usv.ro,E036,E036,room,,E,"ID: 316, Capacitate: 0"
orar.usv.ro,E026,E026,room,,E,"ID: 318, Capacitate: 0"
orar.usv.ro,A116,A116,room,,A,"ID: 319, Capacitate: 0"
orar.usv.ro,A117,A117,room,,A,"ID: 320, Capacitate: 0"
orar.usv.ro,A004,A004,room,,A,"ID: 321, Capacitate: 0"
orar.usv.ro,E218,E218,room,,E,"ID: 322, Capacitate: 0"
orar.usv.ro,J6,J6,room,,J,"ID: 323, Capacitate: 20"
orar.usv.ro,E217,E217,room,,E,"ID: 325, Capacitate: 0"
orar.usv.ro,C4-cantina,C4-Microcantina,room,,Camin,"ID: 326, Capacitate: 0"
orar.usv.ro,A 034,A 034,room,,A,"ID: 327, Capacitate: 0"
orar.usv.ro,A109,A109,room,,A,"ID: 328, Capacitate: 13"
orar.usv.ro,A013,A013,room,,A,"ID: 330, Capacitate: 0"
orar.usv.ro,A110,A110,room,,A,"ID: 332, Capacitate: 16"
orar.usv.ro,S1,S1,room,,A,"ID: 333, Capacitate: 0"
orar.usv.ro,E039,E039,room,,E,"ID: 334, Capacitate: 0"
orar.usv.ro,A126,Catedra de Română2,room,,A,"ID: 341, Capacitate: 0"
orar.usv.ro,A202,Birou Doctorat+CADISS,room,,A,"ID: 342, Capacitate: 0"
orar.usv.ro,A105,Epigon,room,,A,"ID: 343, Capacitate: 0"
orar.usv.ro,Lab DSP,Lab DSP,laboratory,,,"ID: 344, Capacitate: 0"
orar.usv.ro,Bazin (c1),Bazin (culuar 1),room,,K,"ID: 345, Capacitate: 0"
orar.usv.ro,Bazin (c2),Bazin (culuar 2),room,,K,"ID: 346, Capacitate: 0"
orar.usv.ro,Bazin (c3),Bazin (culuar 3),room,,K,"ID: 347, Capacitate: 0"
orar.usv.ro,Bazin (c4),Bazin (culuar 4),room,,K,"ID: 348, Capacitate: 0"
orar.usv.ro,Bazin (c5),Bazin (culuar 5),room,,K,"ID: 349, Capacitate: 0"
orar.usv.ro,Bazin (c6),Bazin (culuar 6),room,,K,"ID: 350, Capacitate: 0"
orar.usv.ro,A036a,A036a,room,,A,"ID: 363, Capacitate: 16"
orar.usv.ro,H103,H103,room,,H,"ID: 366, Capacitate: 0"
orar.usv.ro,H102,H102,room,,H,"ID: 367, Capacitate: 0"
orar.usv.ro,H306,H306,room,,H,"ID: 368, Capacitate: 0"
orar.usv.ro,H301,H301,room,,H,"ID: 369, Capacitate: 6"
orar.usv.ro,E221,E221,room,,E,"ID: 370, Capacitate: 0"
orar.usv.ro,H304,H304,room,,H,"ID: 371, Capacitate: 0"
orar.usv.ro,H206,H206,room,,H,"ID: 373, Capacitate: 0"
orar.usv.ro,H205,H205,room,,H,"ID: 376, Capacitate: 0"
orar.usv.ro,H108,H108,room,,H,"ID: 377, Capacitate: 0"
orar.usv.ro,H105,H105,room,,H,"ID: 378, Capacitate: 6"
orar.usv.ro,A006,A006,room,,A,"ID: 379, Capacitate: 0"
orar.usv.ro,E124,E124,room,,E,"ID: 380, Capacitate: 0"
orar.usv.ro,H203,H203,room,,H,"ID: 381, Capacitate: 0"
orar.usv.ro,H303,H303,room,,H,"ID: 382, Capacitate: 0"
orar.usv.ro,H002,H002,room,,H,"ID: 383, Capacitate: 0"
orar.usv.ro,H109,H109,room,,H,"ID: 384, Capacitate: 0"
orar.usv.ro,ED003,ED003,room,,E,"ID: 386, Capacitate: 0"
orar.usv.ro,A301,Birou It.+Sp.+Ucr. ,room,,A,"ID: 387, Capacitate: 0"
orar.usv.ro,E235,E235,room,,E,"ID: 388, Capacitate: 0"
orar.usv.ro,H207,H207,room,,H,"ID: 389, Capacitate: 0"
orar.usv.ro,H104,H104,room,,H,"ID: 390, Capacitate: 0"
orar.usv.ro,Cons. Jud.,Consiliu Judetean,room,,H,"ID: 391, Capacitate: 0"
orar.usv.ro,E002,Birou Director CSUD,room,,E,"ID: 393, Capacitate: 0"
orar.usv.ro,ED010,ED010- calculatoare 14 locuri,room,,E,"ID: 398, Capacitate: 0"
orar.usv.ro,ED013,ED013 - 16 locuri,room,,E,"ID: 400, Capacitate: 0"
orar.usv.ro,ED012,ED012 - 16 locuri,room,,E,"ID: 401, Capacitate: 0"
orar.usv.ro,ED006,Laborator cercetare E.A.,laboratory,,E,"ID: 402, Capacitate: 0"
orar.usv.ro,A118,A118,room,,A,"ID: 403, Capacitate: 0"
orar.usv.ro,Birou E 208,E 208 Catedra,room,,E,"ID: 404, Capacitate: 0"
orar.usv.ro, Birou E 228,E 228 Catedra,room,,E,"ID: 406, Capacitate: 0"
orar.usv.ro, Birou E 203,Birou E 203 Catedra,room,,E,"ID: 407, Capacitate: 0"
orar.usv.ro,Birou E 212,E 212 Catedra,room,,E,"ID: 409, Capacitate: 0"
orar.usv.ro,Birou E 229,E 229 Catedra,room,,E,"ID: 411, Capacitate: 0"
orar.usv.ro,A 31,A 31 Catedra Centrul de Studii,room,,A,"ID: 412, Capacitate: 0"
orar.usv.ro,E 0010,E 0010 Prorectorat Relatii Int,room,,E,"ID: 413, Capacitate: 0"
orar.usv.ro,Birou E211,E211 Filosofie,room,,E,"ID: 414, Capacitate: 0"
orar.usv.ro,Birou E232,E232 Filosofie,room,,E,"ID: 418, Capacitate: 0"
orar.usv.ro,B216 Birou CD,B216 Birou CD,room,,B,"ID: 427, Capacitate: 0"
orar.usv.ro,B207 Birou CD,B207 Birou CD,room,,B,"ID: 431, Capacitate: 0"
orar.usv.ro,H110,H110,room,,H,"ID: 442, Capacitate: 0"
orar.usv.ro,H204,H204,room,,H,"ID: 443, Capacitate: 0"
orar.usv.ro,E238,E238,room,,E,"ID: 446, Capacitate: 0"
orar.usv.ro,E204,E204,room,,E,"ID: 447, Capacitate: 0"
orar.usv.ro,E207,E207,room,,E,"ID: 448, Capacitate: 0"
orar.usv.ro,E231,E231,room,,E,"ID: 449, Capacitate: 0"
orar.usv.ro,E214,E214,room,,E,"ID: 450, Capacitate: 0"
orar.usv.ro,A019,Catedra1 FSE,room,,A,"ID: 453, Capacitate: 0"
orar.usv.ro,A008,Catedra2 FSE,room,,A,"ID: 454, Capacitate: 0"
orar.usv.ro,E234,E234,room,,E,"ID: 455, Capacitate: 0"
orar.usv.ro,H001,H001,room,,H,"ID: 460, Capacitate: 0"
orar.usv.ro,S62,S62,room,,A,"ID: 461, Capacitate: 0"
orar.usv.ro,B104 Lab OM+Trib,B104 Laborator OM+Trib,laboratory,,B,"ID: 462, Capacitate: 0"
orar.usv.ro,E 015,E 015,room,,E,"ID: 472, Capacitate: 0"
orar.usv.ro,A 7,Birou A 7 Doctorat Istorie,room,,A,"ID: 476, Capacitate: 0"
orar.usv.ro,H202,H202,room,,H,"ID: 484, Capacitate: 0"
orar.usv.ro,E125,E125,room,,E,"ID: 485, Capacitate: 0"
orar.usv.ro,E222,E222,room,,E,"ID: 487, Capacitate: 0"
orar.usv.ro,H305,H305,room,,H,"ID: 488, Capacitate: 0"
orar.usv.ro,A017,Birou Scoala doctorala,room,,A,"ID: 489, Capacitate: 0"
orar.usv.ro,C408,C408,room,,C,"ID: 490, Capacitate: 0"
orar.usv.ro,C401a,Scoala Doctorala,room,,C,"ID: 491, Capacitate: 0"
orar.usv.ro,C402,C402,room,,C,"ID: 492, Capacitate: 0"
orar.usv.ro,C404,C404,room,,C,"ID: 493, Capacitate: 15"
orar.usv.ro,C401b,C401b,room,,C,"ID: 495, Capacitate: 15"
orar.usv.ro,A201,Birou Doctorat RN,room,,A,"ID: 497, Capacitate: 0"
orar.usv.ro,A010,Birou Doctorat MAD,room,,A,"ID: 498, Capacitate: 0"
orar.usv.ro,H107,H107,room,,H,"ID: 501, Capacitate: 0"
orar.usv.ro,S. Fitness,L104 - Sala Fitness,room,,A,"ID: 502, Capacitate: 0"
orar.usv.ro,B108 Lab Mecs+DS,B108 Laborator Mecanisme,laboratory,,B,"ID: 506, Capacitate: 0"
orar.usv.ro,B112 Lab MA+DA,B112 Laborator Mectr auto,laboratory,,B,"ID: 510, Capacitate: 0"
orar.usv.ro,H101,H101,room,,H,"ID: 512, Capacitate: 0"
orar.usv.ro,H201,H201,room,,H,"ID: 516, Capacitate: 0"
orar.usv.ro,A026,A026 - birou,room,,A,"ID: 519, Capacitate: 0"
orar.usv.ro,Restaurant,Restaurant USV,room,,Restaur,"ID: 520, Capacitate: 0"
orar.usv.ro,Aula E,Aula E,auditorium,,E,"ID: 521, Capacitate: 38"
orar.usv.ro,C409,C409,room,,C,"ID: 522, Capacitate: 0"
orar.usv.ro,ED022,ED022,room,,E,"ID: 524, Capacitate: 0"
orar.usv.ro,Aula,A. Aula,auditorium,,A,"ID: 525, Capacitate: 46"
orar.usv.ro,A002,Decanat FLSC A002,room,,A,"ID: 526, Capacitate: 0"
orar.usv.ro,E011A,E011A Secretariat FMSB,room,,E,"ID: 529, Capacitate: 0"
orar.usv.ro,C5-108,C5-108,room,,Camin,"ID: 530, Capacitate: 0"
orar.usv.ro,108,108,room,,Camin,"ID: 536, Capacitate: 0"
orar.usv.ro,INCUBAF,Incubator de afaceri,room,,Cămin,"ID: 537, Capacitate: 0"
orar.usv.ro,D102,D102,room,,D,"ID: 548, Capacitate: 0"
orar.usv.ro,E215,E215,room,,E,"ID: 549, Capacitate: 0"
orar.usv.ro,doar 4 nov,Sustinere teza doctorat,room,,D,"ID: 550, Capacitate: 0"
orar.usv.ro,C405,C405,room,,C,"ID: 554, Capacitate: 0"
orar.usv.ro,A003,Decanat,room,,A,"ID: 555, Capacitate: 0"
orar.usv.ro,A209,Birou,room,,A,"ID: 556, Capacitate: 0"
orar.usv.ro,Corp K,Corp K,room,,K,"ID: 557, Capacitate: 0"
orar.usv.ro,A016,A016 - birou,room,,A,"ID: 559, Capacitate: 0"
orar.usv.ro,E237,E237,room,,E,"ID: 560, Capacitate: 0"
orar.usv.ro,A009,A009 - birou,room,,A,"ID: 561, Capacitate: 0"
orar.usv.ro,C401d,C401d,room,,C,"ID: 562, Capacitate: 15"
orar.usv.ro,A210,Birou A210,room,,A,"ID: 563, Capacitate: 0"
orar.usv.ro,A027,A027 - birou,room,,A,"ID: 567, Capacitate: 0"
orar.usv.ro,J1,J1,room,,J,"ID: 570, Capacitate: 16"
orar.usv.ro,B206a Birou CD,B206a Birou CD,room,,B,"ID: 573, Capacitate: 0"
orar.usv.ro,B110,Birou 110,room,,B,"ID: 575, Capacitate: 0"
orar.usv.ro,E240,E240,room,,E,"ID: 577, Capacitate: 0"
orar.usv.ro,Auditorium,Auditorium,room,,F,"ID: 578, Capacitate: 0"
orar.usv.ro,E236,E236,room,,E,"ID: 582, Capacitate: 0"
orar.usv.ro,D104b,D104b,room,,D,"ID: 584, Capacitate: 0"
orar.usv.ro,SC,Sala Consiliu,room,,H,"ID: 587, Capacitate: 0"
orar.usv.ro,B206b,B206b,room,,B,"ID: 590, Capacitate: 0"
orar.usv.ro,A032,A032,room,,A,"ID: 592, Capacitate: 0"
orar.usv.ro,E239,E239,room,,,"ID: 593, Capacitate: 0"
orar.usv.ro,PB3,P.Bucovina 3,room,,PB,"ID: 594, Capacitate: 0"
orar.usv.ro,PB6,P.Bucovina 6,room,,PB,"ID: 595, Capacitate: 0"
orar.usv.ro,PB7,P.Bucovina 7,room,,PB,"ID: 596, Capacitate: 0"
orar.usv.ro,"Foaier, F","Foaier, Auditorium, corp F ",room,,F,"ID: 598, Capacitate: 0"
orar.usv.ro,PB2,PB2,room,,PB,"ID: 600, Capacitate: 0"
orar.usv.ro,C406,C406,room,,C,"ID: 604, Capacitate: 0"
orar.usv.ro,PB5,PB5,room,,PB,"ID: 607, Capacitate: 0"
orar.usv.ro,PB201,P. Bucovina 201,room,,PB,"ID: 608, Capacitate: 0"
orar.usv.ro,PB202,P.Bucovina 202,room,,PB,"ID: 609, Capacitate: 0"
orar.usv.ro,N108,N108,room,,N,"ID: 612, Capacitate: 0"
orar.usv.ro,A 012,A 012,room,,A,"ID: 613, Capacitate: 0"
orar.usv.ro,PB002,PB002,room,,PB,"ID: 618, Capacitate: 0"
orar.usv.ro,037a,037a,room,,A,"ID: 620, Capacitate: 0"
orar.usv.ro,Bicom 2,Bicom 2,room,,Bicom,"ID: 622, Capacitate: 0"
orar.usv.ro,_online,_on-line,room,,,"ID: 624, Capacitate: 999"
orar.usv.ro,C407,C407,room,,C,"ID: 628, Capacitate: 20"
orar.usv.ro,B110a Lab SAHP,B110a Laborator Sist de act,laboratory,,B,"ID: 633, Capacitate: 0"
orar.usv.ro,PB301,P. Bucovina 301,room,,PB,"ID: 634, Capacitate: 0"
orar.usv.ro,037b,037b,room,,A,"ID: 635, Capacitate: 0"
orar.usv.ro,ED005,ED005,room,,E,"ID: 641, Capacitate: 0"
orar.usv.ro,ED007,ED007,room,,,"ID: 645, Capacitate: 0"
orar.usv.ro,ED026,ED026,room,,,"ID: 646, Capacitate: 0"
orar.usv.ro,PB302,P.Bucovina 302,room,,PB,"ID: 655, Capacitate: 0"
orar.usv.ro,A035,A035,room,,A,"ID: 656, Capacitate: 0"
orar.usv.ro,CH 3,Corp CH - CreativeHUB 3,room,,,"ID: 657, Capacitate: 0"
orar.usv.ro,CH1,CreativeHUB 1,room,,CH,"ID: 658, Capacitate: 0"
orar.usv.ro,CH2,CreativeHUB 2,room,,CH,"ID: 659, Capacitate: 0"
orar.usv.ro,CH4,CreativeHUB 4,room,,CH,"ID: 661, Capacitate: 0"
orar.usv.ro,B113 Lab BIA,Bazele Ing Autovehic,room,,B,"ID: 662, Capacitate: 0"
orar.usv.ro,LB4,LB4,laboratory,,,"ID: 666, Capacitate: 0"
orar.usv.ro,Radio USV,corp F - Sala 110 Radio USV,room,,F,"ID: 667, Capacitate: 18"
orar.usv.ro,BookCafe,BookCafe,room,,,"ID: 672, Capacitate: 0"
orar.usv.ro,B103 Lab SRA,B103 Laborator Sist Rob AV,laboratory,,B,"ID: 673, Capacitate: 0"
orar.usv.ro,E116,E116 Director Biblioteca,room,,E,"ID: 674, Capacitate: 0"
orar.usv.ro,B206c Birou CD,B206c Birou CD,room,,B,"ID: 675, Capacitate: 0"
orar.usv.ro,A208,A208 Birou,room,,A,"ID: 676, Capacitate: 0"
orar.usv.ro,C practica,Centru de practică,room,,,"ID: 677, Capacitate: 0"
orar.usv.ro,C401e,C401e,room,,C,"ID: 680, Capacitate: 0"
orar.usv.ro,ED042,Centru Media,room,,E,"ID: 681, Capacitate: 0"
orar.usv.ro,CL1 - Sala II.5,CNI Spiru Haret - Sala II.5,room,,,"ID: 683, Capacitate: 30"
orar.usv.ro,CL2 - Sala II.4,CNI Spiru Haret - Sala II.4,room,,,"ID: 685, Capacitate: 30"
orar.usv.ro,CL3 - Sala II.6,CNI Spiru Haret - Sala II.6,room,,,"ID: 689, Capacitate: 30"
orar.usv.ro,SL (A103),Sala lectura,room,,A,"ID: 690, Capacitate: 90"
orar.usv.ro,SPB (A047),Sala periodice Biblioteca USV,room,,A,"ID: 691, Capacitate: 30"
orar.usv.ro,B313,B313,room,,B,"ID: 692, Capacitate: 30"
orar.usv.ro,C410,C410,room,,C,"ID: 699, Capacitate: 2"
orar.usv.ro,H302,H302,room,,H,"ID: 701, Capacitate: 0"
orar.usv.ro,PB401,PB401,room,,,"ID: 706, Capacitate: 0"
orar.usv.ro,Spital,Sectii clinice SCJSV,room,,,"ID: 709, Capacitate: 0"
orar.usv.ro,D101a,D101a,room,,D,"ID: 710, Capacitate: 25"
orar.usv.ro,J7,J7,room,,J,"ID: 714, Capacitate: 30"
orar.usv.ro,Ambulator SCJU,Ambulator SCJU/Sectii clinice,room,,,"ID: 717, Capacitate: 0"
orar.usv.ro,Rectorat,Rectorat,room,,E,"ID: 724, Capacitate: 0"
orar.usv.ro,Lab BM SCJUSV,Lab biologie moleculara SCJUSV,laboratory,,,"ID: 726, Capacitate: 0"
orar.usv.ro,Clinici,Clinici,room,,,"ID: 727, Capacitate: 0"
orar.usv.ro,Patinoar,Patinoar,sports,,,"ID: 728, Capacitate: 0"
orar.usv.ro,D011a,D011a,room,,D,"ID: 730, Capacitate: 0"
orar.usv.ro,Sala PsihoConsil,Sala de psiho-consiliere,room,,,"ID: 731, Capacitate: 0"
orar.usv.ro,Spital Lab BM,Lab Biologie moleculara Spital,laboratory,,,"ID: 732, Capacitate: 0"
orar.usv.ro,OE,Operator economic,room,,,"ID: 733, Capacitate: 0"
orar.usv.ro,PB403,PB403,room,,PB,"ID: 740, Capacitate: 0"
orar.usv.ro,Sem Nursing I+II,Sală Demonstrație Nursing I+II,room,,,"ID: 741, Capacitate: 0"
orar.usv.ro,A037,A037,room,,,"ID: 742, Capacitate: 0"
orar.usv.ro,H111,H111,room,,H,"ID: 743, Capacitate: 0"
orar.usv.ro,P102,P102 Laborator Informatică,laboratory,,P,"ID: 744, Capacitate: 22"
orar.usv.ro,P103,P103 - Laborator didactic,laboratory,,P,"ID: 745, Capacitate: 35"
orar.usv.ro,P104,P104 - Sală curs 1,room,,P,"ID: 746, Capacitate: 100"
orar.usv.ro,P101,P101 Birou,room,,P,"ID: 747, Capacitate: 0"
orar.usv.ro,P201,P201 Birou,room,,P,"ID: 748, Capacitate: 0"
orar.usv.ro,P202,P202 - Laborator Gamificare,laboratory,,P,"ID: 749, Capacitate: 12"
orar.usv.ro,P203,P203 Centru Educatie Timpurie,room,,P,"ID: 750, Capacitate: 35"
orar.usv.ro,P204,P204 Sala Curs 2,room,,P,"ID: 751, Capacitate: 100"
orar.usv.ro,P301,P301 Birou,room,,P,"ID: 752, Capacitate: 0"
orar.usv.ro,P302,P302 Laborator Neuroștiințe,laboratory,,P,"ID: 753, Capacitate: 22"
orar.usv.ro,P303,P303 Sala seminar,room,,P,"ID: 754, Capacitate: 35"
orar.usv.ro,P304,P304 Sala curs 3,room,,P,"ID: 755, Capacitate: 56"
orar.usv.ro,P305,P305 Lab de psihodiagnostic,laboratory,,P,"ID: 756, Capacitate: 22"
orar.usv.ro,Sala Spital SV,Sala Sedinte Spital SV,room,,,"ID: 757, Capacitate: 0"
orar.usv.ro,A047,A047,room,,A,"ID: 758, Capacitate: 0"
orar.usv.ro,E006,E006,room,,,"ID: 759, Capacitate: 0"
orar.usv.ro,CS Spital,Centru de simulare Spital Onco,room,,,"ID: 760, Capacitate: 0"
